{
  "metadata": {
    "row_count": 1309,
    "column_count": 14
  },
  "columns": {
    "pclass": {
      "type": "categorical",
      "missing_count": 0,
      "analysis": {
        "distinct_count": 3,
        "value_frequencies": {
          "3": 709,
          "1": 323,
          "2": 277
        }
      }
    },
    "survived": {
      "type": "categorical",
      "missing_count": 0,
      "analysis": {
        "distinct_count": 2,
        "value_frequencies": {
          "0": 809,
          "1": 500
        }
      }
    },
    "name": {
      "type": "text",
      "missing_count": 0,
      "analysis": {
        "non_null_count": 1309
      }
    },
    "sex": {
      "type": "categorical",
      "missing_count": 0,
      "analysis": {
        "distinct_count": 3,
        "value_frequencies": {
          "male": 842,
          "female": 466,
          "2.3": 1
        }
      }
    },
    "age": {
      "type": "continuous",
      "missing_count": 263,
      "analysis": {
        "min": 0.1667,
        "max": 80.0,
        "count": 1046,
        "histogram": [
          [
            0.1667,
            0.9650329999999999,
            1.763366,
            2.561699,
            3.360032,
            4.158365,
            4.956697999999999,
            5.755031,
            6.553363999999999,
            7.351696999999999,
            8.15003,
            8.948363,
            9.746696,
            10.545029,
            11.343362,
            12.141695,
            12.940028,
            13.738361,
            14.536693999999999,
            15.335027,
            16.13336,
            16.931693,
            17.730026,
            18.528359,
            19.326691999999998,
            20.125024999999997,
            20.923357999999997,
            21.721690999999996,
            22.520024,
            23.318357,
            24.11669,
            24.915022999999998,
            25.713355999999997,
            26.511688999999997,
            27.310021999999996,
            28.108354999999996,
            28.906687999999995,
            29.705021,
            30.503353999999998,
            31.301686999999998,
            32.10002,
            32.898353,
            33.696686,
            34.495019,
            35.293352,
            36.091685,
            36.890018,
            37.688351,
            38.486684,
            39.285016999999996,
            40.083349999999996,
            40.881682999999995,
            41.680015999999995,
            42.478348999999994,
            43.276681999999994,
            44.07501499999999,
            44.873348,
            45.671681,
            46.470014,
            47.268347,
            48.06668,
            48.865013,
            49.663346,
            50.461679,
            51.260011999999996,
            52.058344999999996,
            52.856677999999995,
            53.655010999999995,
            54.453343999999994,
            55.251676999999994,
            56.05000999999999,
            56.84834299999999,
            57.64667599999999,
            58.445009,
            59.243342,
            60.041675,
            60.840008,
            61.638341,
            62.436674,
            63.235006999999996,
            64.03334,
            64.83167300000001,
            65.63000600000001,
            66.42833900000001,
            67.22667200000001,
            68.02500500000001,
            68.823338,
            69.621671,
            70.420004,
            71.218337,
            72.01667,
            72.815003,
            73.613336,
            74.411669,
            75.210002,
            76.008335,
            76.806668,
            77.605001,
            78.403334,
            79.201667,
            80.0
          ],
          [
            12,
            10,
            12,
            7,
            10,
            0,
            5,
            6,
            4,
            6,
            0,
            10,
            4,
            4,
            4,
            0,
            5,
            10,
            6,
            19,
            0,
            20,
            42,
            29,
            23,
            1,
            41,
            44,
            26,
            48,
            1,
            34,
            31,
            30,
            32,
            3,
            30,
            42,
            23,
            24,
            4,
            21,
            16,
            25,
            31,
            2,
            9,
            14,
            21,
            18,
            3,
            11,
            18,
            9,
            10,
            0,
            23,
            6,
            14,
            14,
            0,
            9,
            15,
            8,
            6,
            0,
            4,
            10,
            8,
            5,
            0,
            5,
            6,
            3,
            7,
            1,
            5,
            5,
            4,
            5,
            0,
            3,
            1,
            1,
            0,
            0,
            0,
            2,
            3,
            0,
            0,
            0,
            1,
            0,
            1,
            0,
            0,
            0,
            0,
            1
          ]
        ]
      }
    },
    "sibsp": {
      "type": "categorical",
      "missing_count": 0,
      "analysis": {
        "distinct_count": 7,
        "value_frequencies": {
          "0": 891,
          "1": 319,
          "2": 42,
          "4": 22,
          "3": 20,
          "8": 9,
          "5": 6
        }
      }
    },
    "parch": {
      "type": "categorical",
      "missing_count": 0,
      "analysis": {
        "distinct_count": 8,
        "value_frequencies": {
          "0": 1002,
          "1": 170,
          "2": 113,
          "3": 8,
          "5": 6,
          "4": 6,
          "6": 2,
          "9": 2
        }
      }
    },
    "ticket": {
      "type": "text",
      "missing_count": 0,
      "analysis": {
        "non_null_count": 1309
      }
    },
    "fare": {
      "type": "continuous",
      "missing_count": 1,
      "analysis": {
        "min": 0.0,
        "max": 512.3292,
        "count": 1308,